{
    "results": {
        "tool": {
            "name": "pytest",
            "version": "8.4.1"
        },
        "summary": {
            "tests": 1,
            "passed": 1,
            "failed": 0,
            "skipped": 0,
            "pending": 0,
            "other": 0,
            "start": 1772634525.3267443,
            "stop": 1772634525.332125
        },
        "tests": [
            {
                "name": "test_outputs.py::test_outputs",
                "status": "passed",
                "duration": 0.00032478896901011467,
                "start": 1772634525.3315554,
                "stop": 1772634525.332013,
                "retries": 0,
                "file_path": "test_outputs.py"
            }
        ]
    }
}