{
    "results": {
        "tool": {
            "name": "pytest",
            "version": "8.4.1"
        },
        "summary": {
            "tests": 1,
            "passed": 1,
            "failed": 0,
            "skipped": 0,
            "pending": 0,
            "other": 0,
            "start": 1772424680.7031195,
            "stop": 1772424680.714329
        },
        "tests": [
            {
                "name": "test_outputs.py::test_attack",
                "status": "passed",
                "duration": 0.00044873100705444813,
                "start": 1772424680.713514,
                "stop": 1772424680.714244,
                "retries": 0,
                "file_path": "test_outputs.py"
            }
        ]
    }
}