{
    "results": {
        "tool": {
            "name": "pytest",
            "version": "8.4.1"
        },
        "summary": {
            "tests": 1,
            "passed": 1,
            "failed": 0,
            "skipped": 0,
            "pending": 0,
            "other": 0,
            "start": 1772446875.3027136,
            "stop": 1772446875.3079295
        },
        "tests": [
            {
                "name": "test_outputs.py::test_outputs",
                "status": "passed",
                "duration": 0.0003204899840056896,
                "start": 1772446875.307369,
                "stop": 1772446875.307823,
                "retries": 0,
                "file_path": "test_outputs.py"
            }
        ]
    }
}