{
    "results": {
        "tool": {
            "name": "pytest",
            "version": "8.4.1"
        },
        "summary": {
            "tests": 1,
            "passed": 1,
            "failed": 0,
            "skipped": 0,
            "pending": 0,
            "other": 0,
            "start": 1772446681.4191084,
            "stop": 1772446681.423945
        },
        "tests": [
            {
                "name": "test_outputs.py::test_outputs",
                "status": "passed",
                "duration": 0.0003081800023210235,
                "start": 1772446681.4234083,
                "stop": 1772446681.4238405,
                "retries": 0,
                "file_path": "test_outputs.py"
            }
        ]
    }
}