{
    "results": {
        "tool": {
            "name": "pytest",
            "version": "8.4.1"
        },
        "summary": {
            "tests": 1,
            "passed": 1,
            "failed": 0,
            "skipped": 0,
            "pending": 0,
            "other": 0,
            "start": 1772347514.7303178,
            "stop": 1772347514.7933364
        },
        "tests": [
            {
                "name": "test_outputs.py::test_tests_output",
                "status": "passed",
                "duration": 0.0009198780171573162,
                "start": 1772347514.7919197,
                "stop": 1772347514.7931073,
                "retries": 0,
                "file_path": "test_outputs.py"
            }
        ]
    }
}