{
    "results": {
        "tool": {
            "name": "pytest",
            "version": "8.4.1"
        },
        "summary": {
            "tests": 1,
            "passed": 1,
            "failed": 0,
            "skipped": 0,
            "pending": 0,
            "other": 0,
            "start": 1772447333.088782,
            "stop": 1772447333.0935614
        },
        "tests": [
            {
                "name": "test_outputs.py::test_outputs",
                "status": "passed",
                "duration": 0.0002787119592539966,
                "start": 1772447333.093048,
                "stop": 1772447333.0934548,
                "retries": 0,
                "file_path": "test_outputs.py"
            }
        ]
    }
}