{
    "results": {
        "tool": {
            "name": "pytest",
            "version": "8.4.1"
        },
        "summary": {
            "tests": 2,
            "passed": 2,
            "failed": 0,
            "skipped": 0,
            "pending": 0,
            "other": 0,
            "start": 1772428235.7726912,
            "stop": 1772428235.8246262
        },
        "tests": [
            {
                "name": "test_outputs.py::test_output_file_exists",
                "status": "passed",
                "duration": 0.0003474187105894089,
                "start": 1772428235.823511,
                "stop": 1772428235.8240168,
                "retries": 0,
                "file_path": "test_outputs.py"
            },
            {
                "name": "test_outputs.py::test_output_is_correct",
                "status": "passed",
                "duration": 0.00028194859623908997,
                "start": 1772428235.8241498,
                "stop": 1772428235.824521,
                "retries": 0,
                "file_path": "test_outputs.py"
            }
        ]
    }
}