{
    "results": {
        "tool": {
            "name": "pytest",
            "version": "8.4.1"
        },
        "summary": {
            "tests": 1,
            "passed": 1,
            "failed": 0,
            "skipped": 0,
            "pending": 0,
            "other": 0,
            "start": 1772630719.2715993,
            "stop": 1772630719.2746105
        },
        "tests": [
            {
                "name": "test_outputs.py::test_outputs",
                "status": "passed",
                "duration": 0.00017645908519625664,
                "start": 1772630719.2741523,
                "stop": 1772630719.2744248,
                "retries": 0,
                "file_path": "test_outputs.py"
            }
        ]
    }
}