{
    "results": {
        "tool": {
            "name": "pytest",
            "version": "8.4.1"
        },
        "summary": {
            "tests": 2,
            "passed": 2,
            "failed": 0,
            "skipped": 0,
            "pending": 0,
            "other": 0,
            "start": 1772428112.5987365,
            "stop": 1772428112.614391
        },
        "tests": [
            {
                "name": "test_outputs.py::test_hello_file_exists",
                "status": "passed",
                "duration": 0.00036115897819399834,
                "start": 1772428112.6132333,
                "stop": 1772428112.6137528,
                "retries": 0,
                "file_path": "test_outputs.py"
            },
            {
                "name": "test_outputs.py::test_hello_file_content",
                "status": "passed",
                "duration": 0.0003130650147795677,
                "start": 1772428112.6138856,
                "stop": 1772428112.6142876,
                "retries": 0,
                "file_path": "test_outputs.py"
            }
        ]
    }
}