{
    "results": {
        "tool": {
            "name": "pytest",
            "version": "8.4.1"
        },
        "summary": {
            "tests": 1,
            "passed": 1,
            "failed": 0,
            "skipped": 0,
            "pending": 0,
            "other": 0,
            "start": 1772430119.5364811,
            "stop": 1772430119.582354
        },
        "tests": [
            {
                "name": "test_outputs.py::test_gblock",
                "status": "passed",
                "duration": 0.0009870450012385845,
                "start": 1772430119.5810502,
                "stop": 1772430119.5822184,
                "retries": 0,
                "file_path": "test_outputs.py"
            }
        ]
    }
}