{
    "results": {
        "tool": {
            "name": "pytest",
            "version": "8.4.1"
        },
        "summary": {
            "tests": 1,
            "passed": 1,
            "failed": 0,
            "skipped": 0,
            "pending": 0,
            "other": 0,
            "start": 1772446984.8541675,
            "stop": 1772446984.8591084
        },
        "tests": [
            {
                "name": "test_outputs.py::test_outputs",
                "status": "passed",
                "duration": 0.0002851610188372433,
                "start": 1772446984.8585835,
                "stop": 1772446984.859004,
                "retries": 0,
                "file_path": "test_outputs.py"
            }
        ]
    }
}