{
    "results": {
        "tool": {
            "name": "pytest",
            "version": "8.4.1"
        },
        "summary": {
            "tests": 1,
            "passed": 1,
            "failed": 0,
            "skipped": 0,
            "pending": 0,
            "other": 0,
            "start": 1772425327.4070363,
            "stop": 1772425327.4515684
        },
        "tests": [
            {
                "name": "test_outputs.py::test_move_correct",
                "status": "passed",
                "duration": 0.000350399874150753,
                "start": 1772425327.4509726,
                "stop": 1772425327.4514558,
                "retries": 0,
                "file_path": "test_outputs.py"
            }
        ]
    }
}