{
    "results": {
        "tool": {
            "name": "pytest",
            "version": "8.4.1"
        },
        "summary": {
            "tests": 1,
            "passed": 1,
            "failed": 0,
            "skipped": 0,
            "pending": 0,
            "other": 0,
            "start": 1772447033.8874662,
            "stop": 1772447033.8926487
        },
        "tests": [
            {
                "name": "test_outputs.py::test_outputs",
                "status": "passed",
                "duration": 0.0003068800433538854,
                "start": 1772447033.8921025,
                "stop": 1772447033.89254,
                "retries": 0,
                "file_path": "test_outputs.py"
            }
        ]
    }
}