{
    "results": {
        "tool": {
            "name": "pytest",
            "version": "8.4.1"
        },
        "summary": {
            "tests": 1,
            "passed": 1,
            "failed": 0,
            "skipped": 0,
            "pending": 0,
            "other": 0,
            "start": 1772426001.0006895,
            "stop": 1772426120.4675276
        },
        "tests": [
            {
                "name": "test_outputs.py::test_interp",
                "status": "passed",
                "duration": 119.41427867114544,
                "start": 1772426001.0526984,
                "stop": 1772426120.4672844,
                "retries": 0,
                "file_path": "test_outputs.py"
            }
        ]
    }
}