{
    "results": {
        "tool": {
            "name": "pytest",
            "version": "8.4.1"
        },
        "summary": {
            "tests": 2,
            "passed": 2,
            "failed": 0,
            "skipped": 0,
            "pending": 0,
            "other": 0,
            "start": 1772425671.7399752,
            "stop": 1772425671.7891257
        },
        "tests": [
            {
                "name": "test_outputs.py::test_solution_file",
                "status": "passed",
                "duration": 0.00031530007254332304,
                "start": 1772425671.7881176,
                "stop": 1772425671.7885797,
                "retries": 0,
                "file_path": "test_outputs.py"
            },
            {
                "name": "test_outputs.py::test_solution_content",
                "status": "passed",
                "duration": 0.00025861896574497223,
                "start": 1772425671.7886925,
                "stop": 1772425671.7890265,
                "retries": 0,
                "file_path": "test_outputs.py"
            }
        ]
    }
}