{
    "results": {
        "tool": {
            "name": "pytest",
            "version": "8.4.1"
        },
        "summary": {
            "tests": 2,
            "passed": 2,
            "failed": 0,
            "skipped": 0,
            "pending": 0,
            "other": 0,
            "start": 1772425754.52668,
            "stop": 1772425754.5819876
        },
        "tests": [
            {
                "name": "test_outputs.py::test_about_file",
                "status": "passed",
                "duration": 0.0004140157252550125,
                "start": 1772425754.5805645,
                "stop": 1772425754.5811496,
                "retries": 0,
                "file_path": "test_outputs.py"
            },
            {
                "name": "test_outputs.py::test_layout_file",
                "status": "passed",
                "duration": 0.00047978945076465607,
                "start": 1772425754.581289,
                "stop": 1772425754.5818765,
                "retries": 0,
                "file_path": "test_outputs.py"
            }
        ]
    }
}