{
    "results": {
        "tool": {
            "name": "pytest",
            "version": "8.4.1"
        },
        "summary": {
            "tests": 2,
            "passed": 2,
            "failed": 0,
            "skipped": 0,
            "pending": 0,
            "other": 0,
            "start": 1772424222.4941118,
            "stop": 1772424222.549955
        },
        "tests": [
            {
                "name": "test_outputs.py::test_summary_file_exists",
                "status": "passed",
                "duration": 0.0003414901439100504,
                "start": 1772424222.5488214,
                "stop": 1772424222.5493245,
                "retries": 0,
                "file_path": "test_outputs.py"
            },
            {
                "name": "test_outputs.py::test_summary_structure_and_counts",
                "status": "passed",
                "duration": 0.00028867984656244516,
                "start": 1772424222.549467,
                "stop": 1772424222.549844,
                "retries": 0,
                "file_path": "test_outputs.py"
            }
        ]
    }
}