{
    "results": {
        "tool": {
            "name": "pytest",
            "version": "8.4.1"
        },
        "summary": {
            "tests": 2,
            "passed": 2,
            "failed": 0,
            "skipped": 0,
            "pending": 0,
            "other": 0,
            "start": 1772342345.6824853,
            "stop": 1772342345.7592192
        },
        "tests": [
            {
                "name": "test_outputs.py::test_hello_file_exists",
                "status": "passed",
                "duration": 0.0009222640073858202,
                "start": 1772342345.7565815,
                "stop": 1772342345.7578504,
                "retries": 0,
                "file_path": "test_outputs.py"
            },
            {
                "name": "test_outputs.py::test_hello_file_content",
                "status": "passed",
                "duration": 0.0005977510591037571,
                "start": 1772342345.7581356,
                "stop": 1772342345.7589805,
                "retries": 0,
                "file_path": "test_outputs.py"
            }
        ]
    }
}