{
    "results": {
        "tool": {
            "name": "pytest",
            "version": "8.4.1"
        },
        "summary": {
            "tests": 2,
            "passed": 2,
            "failed": 0,
            "skipped": 0,
            "pending": 0,
            "other": 0,
            "start": 1772424449.366872,
            "stop": 1772424449.411886
        },
        "tests": [
            {
                "name": "test_outputs.py::test_recovery_file_exists",
                "status": "passed",
                "duration": 0.0003296881914138794,
                "start": 1772424449.4108856,
                "stop": 1772424449.411361,
                "retries": 0,
                "file_path": "test_outputs.py"
            },
            {
                "name": "test_outputs.py::test_password_match",
                "status": "passed",
                "duration": 0.00024610385298728943,
                "start": 1772424449.4114738,
                "stop": 1772424449.4117966,
                "retries": 0,
                "file_path": "test_outputs.py"
            }
        ]
    }
}