{
    "results": {
        "tool": {
            "name": "pytest",
            "version": "8.4.1"
        },
        "summary": {
            "tests": 1,
            "passed": 1,
            "failed": 0,
            "skipped": 0,
            "pending": 0,
            "other": 0,
            "start": 1772337740.423011,
            "stop": 1772337740.4433749
        },
        "tests": [
            {
                "name": "test_outputs.py::test_attack",
                "status": "passed",
                "duration": 0.000985810998827219,
                "start": 1772337740.441768,
                "stop": 1772337740.4432232,
                "retries": 0,
                "file_path": "test_outputs.py"
            }
        ]
    }
}