{
    "results": {
        "tool": {
            "name": "pytest",
            "version": "8.4.1"
        },
        "summary": {
            "tests": 1,
            "passed": 1,
            "failed": 0,
            "skipped": 0,
            "pending": 0,
            "other": 0,
            "start": 1772634085.709572,
            "stop": 1772634085.714256
        },
        "tests": [
            {
                "name": "test_outputs.py::test_outputs",
                "status": "passed",
                "duration": 0.0002808599965646863,
                "start": 1772634085.7137485,
                "stop": 1772634085.7141516,
                "retries": 0,
                "file_path": "test_outputs.py"
            }
        ]
    }
}