{
    "results": {
        "tool": {
            "name": "pytest",
            "version": "8.4.1"
        },
        "summary": {
            "tests": 1,
            "passed": 1,
            "failed": 0,
            "skipped": 0,
            "pending": 0,
            "other": 0,
            "start": 1772441126.4018884,
            "stop": 1772441126.4068675
        },
        "tests": [
            {
                "name": "test_outputs.py::test_outputs",
                "status": "passed",
                "duration": 0.00031053100246936083,
                "start": 1772441126.4063225,
                "stop": 1772441126.4067626,
                "retries": 0,
                "file_path": "test_outputs.py"
            }
        ]
    }
}