{
    "results": {
        "tool": {
            "name": "pytest",
            "version": "8.4.1"
        },
        "summary": {
            "tests": 2,
            "passed": 2,
            "failed": 0,
            "skipped": 0,
            "pending": 0,
            "other": 0,
            "start": 1772337002.7764087,
            "stop": 1772337002.8466668
        },
        "tests": [
            {
                "name": "test_outputs.py::test_recovery_file_exists",
                "status": "passed",
                "duration": 0.0006451550289057195,
                "start": 1772337002.8446944,
                "stop": 1772337002.8456502,
                "retries": 0,
                "file_path": "test_outputs.py"
            },
            {
                "name": "test_outputs.py::test_password_match",
                "status": "passed",
                "duration": 0.00047338701551780105,
                "start": 1772337002.8459027,
                "stop": 1772337002.8465102,
                "retries": 0,
                "file_path": "test_outputs.py"
            }
        ]
    }
}