{
    "results": {
        "tool": {
            "name": "pytest",
            "version": "8.4.1"
        },
        "summary": {
            "tests": 1,
            "passed": 1,
            "failed": 0,
            "skipped": 0,
            "pending": 0,
            "other": 0,
            "start": 1772634111.183614,
            "stop": 1772634111.189415
        },
        "tests": [
            {
                "name": "test_outputs.py::test_outputs",
                "status": "passed",
                "duration": 0.0003348514437675476,
                "start": 1772634111.1888106,
                "stop": 1772634111.1892939,
                "retries": 0,
                "file_path": "test_outputs.py"
            }
        ]
    }
}