{
    "results": {
        "tool": {
            "name": "pytest",
            "version": "8.4.1"
        },
        "summary": {
            "tests": 2,
            "passed": 2,
            "failed": 0,
            "skipped": 0,
            "pending": 0,
            "other": 0,
            "start": 1772339499.0520005,
            "stop": 1772339499.1482778
        },
        "tests": [
            {
                "name": "test_outputs.py::test_solution_file",
                "status": "passed",
                "duration": 0.0008999560377560556,
                "start": 1772339499.1452625,
                "stop": 1772339499.146566,
                "retries": 0,
                "file_path": "test_outputs.py"
            },
            {
                "name": "test_outputs.py::test_solution_content",
                "status": "passed",
                "duration": 0.0009479299769736826,
                "start": 1772339499.1468332,
                "stop": 1772339499.1480193,
                "retries": 0,
                "file_path": "test_outputs.py"
            }
        ]
    }
}