{
    "results": {
        "tool": {
            "name": "pytest",
            "version": "8.4.1"
        },
        "summary": {
            "tests": 1,
            "passed": 1,
            "failed": 0,
            "skipped": 0,
            "pending": 0,
            "other": 0,
            "start": 1772430121.448158,
            "stop": 1772430121.5001523
        },
        "tests": [
            {
                "name": "test_outputs.py::test_json_data",
                "status": "passed",
                "duration": 0.00044866278767585754,
                "start": 1772430121.499393,
                "stop": 1772430121.5000231,
                "retries": 0,
                "file_path": "test_outputs.py"
            }
        ]
    }
}