{
    "results": {
        "tool": {
            "name": "pytest",
            "version": "8.4.1"
        },
        "summary": {
            "tests": 1,
            "passed": 1,
            "failed": 0,
            "skipped": 0,
            "pending": 0,
            "other": 0,
            "start": 1772441022.3378687,
            "stop": 1772441022.3428206
        },
        "tests": [
            {
                "name": "test_outputs.py::test_outputs",
                "status": "passed",
                "duration": 0.0002985800001624739,
                "start": 1772441022.3422751,
                "stop": 1772441022.3427138,
                "retries": 0,
                "file_path": "test_outputs.py"
            }
        ]
    }
}